alignment_index,status,mobile_chain,mobile_residue,mobile_resname,mobile_one_letter,reference_chain,reference_residue,reference_resname,reference_one_letter,displacement,delta_x,delta_y,delta_z,mobile_aligned_x,mobile_aligned_y,mobile_aligned_z,reference_x,reference_y,reference_z
0,matched,C,1,VAL,V,A,1,VAL,V,0.297312121919379,-0.03943153383659137,-0.15974457213279436,0.24763142703140062,35.617568466163405,46.511255427867205,2.2476314270314006,35.657,46.671,2.0
1,matched,C,2,LEU,L,A,2,LEU,L,0.5317065524119933,0.4979782461066051,0.1847830533483119,0.024181552425600827,34.9049782461066,48.31978305334831,5.447181552425601,34.407,48.135,5.423
2,matched,C,3,SER,S,A,3,SER,S,0.19976743791738646,0.034252111195094415,0.13724060233859348,-0.1410632453919014,33.5272521111951,51.83624060233859,5.056936754608099,33.493,51.699,5.198
3,matched,C,4,PRO,P,A,4,PRO,P,0.28732818955410017,0.13114028870450767,-0.1502015563487049,0.20687968885649966,34.300140288704505,54.42979844365129,7.7328796888564995,34.169,54.58,7.526
4,matched,C,5,ALA,A,A,5,ALA,A,0.24932887352810076,-0.035144578506997703,0.22087671423090427,-0.11019629252800023,30.791855421493004,53.890876714230906,8.978803707472,30.827,53.67,9.089
5,matched,C,6,ASP,D,A,6,ASP,D,0.2069874757414625,0.06503856429809929,0.17546927936159307,-0.08845525574089841,31.3860385642981,50.15446927936159,9.212544744259102,31.321,49.979,9.301
6,matched,C,7,LYS,K,A,7,LYS,K,0.2698034091077374,0.019411905206197844,0.17184172036439804,0.20709292755820208,34.5554119052062,50.8148417203644,11.232092927558202,34.536,50.643,11.025
7,matched,C,8,THR,T,A,8,THR,T,0.21976110600691043,0.06015797383510346,0.05071984591599943,0.20519127449210117,32.7351579738351,53.140719845916,13.5431912744921,32.675,53.09,13.338
8,matched,C,9,ASN,N,A,9,ASN,N,0.3444022527692384,0.06882151448640528,-0.019270450364402336,-0.336905269473597,29.966821514486405,50.496729549635596,13.970094730526403,29.898,50.516,14.307
9,matched,C,10,VAL,V,A,10,VAL,V,0.08991332860038513,0.07079550145540026,0.011164842917196438,0.05429318480540246,32.4097955014554,47.7811648429172,14.752293184805403,32.339,47.77,14.698
10,matched,C,11,LYS,K,A,11,LYS,K,0.5577166767951695,-0.05097746947300408,-0.31359415296100934,0.4583752790129978,34.472022530527,49.85440584703899,17.276375279013,34.523,50.168,16.818
11,matched,C,12,ALA,A,A,12,ALA,A,0.39614977479809693,-0.16405711163800163,0.34369726324070626,0.1090509029509974,31.313942888362,50.871697263240705,18.953050902951,31.478,50.528,18.844
12,matched,C,13,ALA,A,A,13,ALA,A,0.2714285141520289,0.25178055147869927,-0.043027375503704945,-0.09180760942930277,29.8507805514787,47.3949726244963,19.256192390570696,29.599,47.438,19.348
13,matched,C,14,TRP,W,A,14,TRP,W,0.5586063714255253,0.1651134344566998,-0.461702840994505,-0.2675988015233024,33.1061134344567,45.7112971590055,20.261401198476698,32.941,46.173,20.529
14,matched,C,15,GLY,G,A,15,GLY,G,0.7160016690596126,0.37826940773640416,-0.601756903793401,-0.08636708866159992,33.65126940773641,48.5692430962066,22.7106329113384,33.273,49.171,22.797
15,matched,C,16,LYS,K,A,16,LYS,K,0.6001085297969224,0.37552970300440336,-0.4304879493010034,0.1838146218424015,30.409529703004402,47.704512050698995,24.567814621842402,30.034,48.135,24.384
16,matched,C,17,VAL,V,A,17,VAL,V,0.7805636627617445,0.7057035668729057,-0.2955172236079946,-0.15469866799010035,31.663703566872904,44.092482776392,24.5983013320099,30.958,44.388,24.753
17,matched,C,18,GLY,G,A,18,GLY,G,0.6626256159690411,0.6050377500687034,0.02242902277169634,-0.2692563218712962,34.675037750068704,45.2564290227717,26.494743678128703,34.07,45.234,26.764
18,matched,C,19,ALA,A,A,19,ALA,A,0.30284357870565687,0.22081091651340046,0.2022894308428036,-0.04511938032659657,35.557810916513404,42.991289430842805,29.295880619673405,35.337,42.789,29.341
19,matched,C,20,HIS,H,A,20,HIS,H,0.14755509619522125,0.13691568242360574,0.05405652869740862,0.010222231891596323,33.020915682423606,40.20105652869741,28.479222231891598,32.884,40.147,28.469
20,matched,C,21,ALA,A,A,21,ALA,A,0.5125993012222504,0.43306440721050166,-0.23568768463059797,0.14023044653150052,34.7910644072105,39.4593123153694,25.1932304465315,34.358,39.695,25.053
21,matched,C,22,GLY,G,A,22,GLY,G,0.5401239218078394,0.20853638284900455,-0.13129603037760518,0.4806326875529976,36.196536382849004,36.2057039696224,26.553632687552998,35.988,36.337,26.073
22,matched,C,23,GLU,E,A,23,GLU,E,0.21014303056545827,0.05010636779709898,-0.178562156668292,0.09881802167310028,32.8661063677971,35.008437843331706,27.9208180216731,32.816,35.187,27.822
23,matched,C,24,TYR,Y,A,24,TYR,Y,0.20493492408246952,0.2042223958042051,0.009455834588202094,-0.014217009281797033,31.184222395804206,35.7484558345882,24.599782990718204,30.98,35.739,24.614
24,matched,C,25,GLY,G,A,25,GLY,G,0.4682197299838455,0.37642884052880277,-0.277714925618497,0.020136128053799496,33.9284288405288,33.9152850743815,22.6601361280538,33.552,34.193,22.64
25,matched,C,26,ALA,A,A,26,ALA,A,0.3836092354815143,0.023023857179801155,-0.3779564285616033,0.06144009811380258,33.3180238571798,30.743043571438395,24.689440098113803,33.295,31.121,24.628
26,matched,C,27,GLU,E,A,27,GLU,E,0.0848211890339923,-0.04121253929619684,-0.07378287664260341,-0.00722826592220116,29.525787460703803,31.0322171233574,24.200771734077797,29.567,31.106,24.208
27,matched,C,28,ALA,A,A,28,ALA,A,0.2636615556339614,0.259516718021505,-0.04303779718919998,0.017783053724500064,30.008516718021504,31.4639622028108,20.4307830537245,29.749,31.507,20.413
28,matched,C,29,LEU,L,A,29,LEU,L,0.3168773348981404,0.11371706695780404,-0.28505411824809457,0.07889121449479575,32.1177170669578,28.216945881751904,20.374891214494795,32.004,28.502,20.296
29,matched,C,30,GLU,E,A,30,GLU,E,0.16684374889290274,-0.11456976989860124,-0.11894633714189595,-0.023714410187604784,29.5104302301014,26.313053662858103,22.365285589812395,29.625,26.432,22.389
30,matched,C,31,ARG,R,A,31,ARG,R,0.26473719364491344,0.10000271303290731,0.23323767740090062,-0.07540175678109762,26.808002713032906,27.5902376774009,20.034598243218902,26.708,27.357,20.11
31,matched,C,32,MET,M,A,32,MET,M,0.33634126706450745,0.266916632119905,0.2011585434999006,-0.03763243023409757,28.918916632119906,26.403158543499902,17.033367569765904,28.652,26.202,17.071
32,matched,C,33,PHE,F,A,33,PHE,F,0.13951210280539442,-0.13234240581279977,-0.02517556562529677,-0.03626713868379383,29.6166575941872,22.921824434374702,18.450732861316204,29.749,22.947,18.487
33,matched,C,34,LEU,L,A,34,LEU,L,0.3388044450605476,-0.23026397282519895,-0.18155599720169846,-0.1697185160541963,25.8827360271748,22.2804440027983,19.187281483945803,26.113,22.462,19.357
34,matched,C,35,SER,S,A,35,SER,S,0.17298035543254467,-0.04373948611230105,0.09529066890990379,-0.13758179072429755,24.4222605138877,23.834290668909905,16.0124182092757,24.466,23.739,16.15
35,matched,C,36,PHE,F,A,36,PHE,F,0.18891500154786706,0.14908903792930417,0.043867240627996296,-0.10741043607969658,27.131089037929303,22.566867240627996,13.543589563920303,26.982,22.523,13.651
36,matched,C,37,PRO,P,A,37,PRO,P,0.21545079750361706,0.1589324893714057,0.04428665014599531,-0.13855757859460027,28.480932489371405,19.354286650145994,14.9754424214054,28.322,19.31,15.114
37,matched,C,38,THR,T,A,38,THR,T,0.25782783350589356,0.10492795860930215,0.04084498966879835,-0.23194180746769888,30.875927958609303,18.853844989668797,11.998058192532302,30.771,18.813,12.23
38,matched,C,39,THR,T,A,39,THR,T,0.11167798811230104,0.052895247262902956,0.0975987022062057,-0.012188485282100814,33.021895247262904,21.634598702206205,13.5968115147179,32.969,21.537,13.609
39,matched,C,40,LYS,K,A,40,LYS,K,0.29744744577295174,0.2680580719263972,0.024600192147797628,-0.12654913519359567,33.8430580719264,19.3486001921478,16.568450864806405,33.575,19.324,16.695
40,matched,C,41,THR,T,A,41,THR,T,0.4023722653732069,-0.1585777023421997,-0.2193187127026981,-0.2977513300052017,36.0424222976578,17.252681287297303,14.266248669994798,36.201,17.472,14.564
41,matched,C,42,TYR,Y,A,42,TYR,Y,0.35950949544318805,-0.021520570210192602,-0.13287045191200164,-0.3333607436101982,38.81047942978981,19.904129548087997,14.761639256389802,38.832,20.037,15.095
42,matched,C,43,PHE,F,A,43,PHE,F,0.4073588785033139,0.11026619501279811,-0.347352138689196,-0.1820140485811983,38.7322661950128,19.527647861310804,18.5579859514188,38.622,19.875,18.74
43,matched,C,44,PRO,P,A,44,PRO,P,0.6238713670998455,0.02925928398960309,-0.489474400451396,-0.3857125721184005,38.998259283989604,15.768525599548603,19.3052874278816,38.969,16.258,19.691
44,matched,C,45,HIS,H,A,45,HIS,H,0.817862087171323,0.1637444066985978,-0.6228659690195961,-0.5041072778134001,41.4367444066986,16.620134030980402,22.1408927221866,41.273,17.243,22.645
45,matched,C,46,PHE,F,A,46,PHE,F,0.6656860835000649,0.3725974786333026,-0.5508228154365007,-0.030055060744700768,39.0865974786333,18.878177184563498,24.0419449392553,38.714,19.429,24.072
46,matched,C,47,ASP,D,A,47,ASP,D,0.558041274241142,0.2828713047915983,-0.47323112667660183,0.08629130562559695,36.3528713047916,18.2577688733234,26.572291305625598,36.07,18.731,26.486
47,matched,C,48,LEU,L,A,48,LEU,L,0.4818554316121587,0.17897449475479732,-0.29400859025099635,0.33721170807080014,33.4549744947548,20.062991409749003,24.7652117080708,33.276,20.357,24.428
48,matched,C,49,SER,S,A,49,SER,S,0.6638331250327629,0.08342099383990131,-0.5425457684177992,0.37330877949690233,30.9754209938399,19.6454542315822,27.6453087794969,30.892,20.188,27.272
49,matched,C,50,HIS,H,A,50,HIS,H,0.4970868967496989,-0.03518647655560159,-0.49091430927240154,0.06971682536840618,29.0818135234444,22.6290856907276,28.869716825368407,29.117,23.12,28.8
50,matched,C,51,GLY,G,A,51,GLY,G,0.6778169038999237,-0.027429033480498077,0.47742431777059835,-0.48036384557549994,31.3095709665195,24.822424317770597,31.0796361544245,31.337,24.345,31.56
51,matched,C,52,SER,S,A,52,SER,S,0.1616697251104044,0.04213809891400899,-0.09965266928230321,0.12012837359299766,34.583138098914006,23.212347330717698,29.918128373592996,34.541,23.312,29.798
52,matched,C,53,ALA,A,A,53,ALA,A,0.24692486636633745,0.19504225042069834,-0.05422707397689308,0.14138541165469576,37.6950422504207,25.233772926023107,30.916385411654694,37.5,25.288,30.775
53,matched,C,54,GLN,Q,A,54,GLN,Q,0.282443557217788,0.05150603226839934,-0.23128810225989227,0.1537117607953995,39.2765060322684,24.248711897740108,27.6257117607954,39.225,24.48,27.472
54,matched,C,55,VAL,V,A,55,VAL,V,0.2629471253652772,0.05462081734769697,-0.2161520988313086,0.13941315296969847,36.473620817347694,25.877847901168693,25.6374131529697,36.419,26.094,25.498
55,matched,C,56,LYS,K,A,56,LYS,K,0.30884800772687526,0.20662862929220438,0.11251302175750055,-0.20008128690280103,36.499628629292204,28.9055130217575,27.9089187130972,36.293,28.793,28.109
56,matched,C,57,GLY,G,A,57,GLY,G,0.5114671306745008,0.3656760061949029,-0.33473724969269725,-0.12581994246509964,40.190676006194906,29.242262750307304,27.4381800575349,39.825,29.577,27.564
57,matched,C,58,HIS,H,A,58,HIS,H,0.6894572744024776,0.5947937486656016,-0.3213345375482959,-0.1353360438073956,40.0157937486656,28.922665462451704,23.695663956192604,39.421,29.244,23.831
58,matched,C,59,GLY,G,A,59,GLY,G,0.634047779789411,0.4624824713234972,-0.4307042154112999,-0.051190131874498945,37.1144824713235,31.4012957845887,23.6498098681255,36.652,31.832,23.701
59,matched,C,60,LYS,K,A,60,LYS,K,0.18222449429950563,0.056019387125701314,-0.15567903414059003,0.07636512893870062,39.3210193871257,33.93632096585941,25.3953651289387,39.265,34.092,25.319
60,matched,C,61,LYS,K,A,61,LYS,K,0.535701870839432,0.4051305975325974,0.044608813044298756,0.34764313190760276,42.0421305975326,33.518608813044295,22.766643131907603,41.637,33.474,22.419
61,matched,C,62,VAL,V,A,62,VAL,V,0.5238787463406502,0.4654240270423955,0.059322580227004096,0.23304559080639464,39.5594240270424,33.904322580227,19.882045590806396,39.094,33.845,19.649
62,matched,C,63,ALA,A,A,63,ALA,A,0.2966071276451277,0.26139291657550245,-0.08545827922579718,0.11111441781250164,38.092392916575506,36.9575417207742,21.470114417812503,37.831,37.043,21.359
63,matched,C,64,ASP,D,A,64,ASP,D,0.5084611622034104,0.13976733218760984,0.08383732924110632,0.48163175616659615,41.424767332187606,38.574837329241106,22.116631756166598,41.285,38.491,21.635
64,matched,C,65,ALA,A,A,65,ALA,A,0.7652348368180447,0.5003970137761016,0.2984688868721932,0.496088205517097,42.5043970137761,38.075468886872194,18.481088205517096,42.004,37.777,17.985
65,matched,C,66,LEU,L,A,66,LEU,L,0.5481392043149982,0.36590998884510384,0.32857730400329643,0.24208143808309757,39.1929099888451,39.8455773040033,17.382081438083098,38.827,39.517,17.14
66,matched,C,67,THR,T,A,67,THR,T,0.6819018483716895,0.05029596217320176,0.02918489105040578,0.6794179046332047,39.9382959621732,42.64118489105041,19.859417904633204,39.888,42.612,19.18
67,matched,C,68,ASN,N,A,68,ASN,N,0.6877396194574226,0.0828775187412063,0.3019477282248957,0.6123272576642051,43.348877518741205,42.90394772822489,18.198327257664204,43.266,42.602,17.586
68,matched,C,69,ALA,A,A,69,ALA,A,0.6916614620572099,0.385783053067307,0.3035089092260108,0.4872877549062995,41.69978305306731,42.93250890922601,14.7592877549063,41.314,42.629,14.272
69,matched,C,70,VAL,V,A,70,VAL,V,0.4647138594825057,0.25007559735200857,0.07025323532900529,0.38533835745999845,39.32107559735201,45.775253235329004,15.782338357459999,39.071,45.705,15.397
70,matched,C,71,ALA,A,A,71,ALA,A,0.6881610848959947,0.08627186975870416,0.33517177185659364,0.5947963740676983,42.3002718697587,47.86917177185659,17.0627963740677,42.214,47.534,16.468
71,matched,C,72,HIS,H,A,72,HIS,H,0.5729979787352043,-0.18695286441019476,0.19462509079460233,0.5054665015178017,44.0490471355898,47.3546250907946,13.740466501517801,44.236,47.16,13.235
72,matched,C,73,VAL,V,A,73,VAL,V,0.723184235798853,0.12046359150110675,0.6352392332967085,0.3239677121431015,41.191463591501105,47.32123923329671,11.436967712143101,41.071,46.686,11.113
73,matched,C,74,ASP,D,A,74,ASP,D,0.8460233008396463,0.3646717096248011,0.618830253148495,0.44701128347179875,43.1386717096248,49.39083025314849,8.804011283471798,42.774,48.772,8.357
74,matched,C,75,ASP,D,A,75,ASP,D,0.9459889090493574,0.42842163282340096,0.7761883019307021,0.32997218143240126,45.9754216328234,46.8831883019307,8.845972181432401,45.547,46.107,8.516
75,matched,C,76,MET,M,A,76,MET,M,0.7799778015152175,0.3088038126027044,0.7159152189120022,0.0217019701577037,44.454803812602705,43.492915218912,9.617701970157704,44.146,42.777,9.596
76,matched,C,77,PRO,P,A,77,PRO,P,0.752101386027183,0.4671504729885001,0.36807015358328954,0.4603816813164965,46.6741504729885,41.31707015358329,7.3513816813164965,46.207,40.949,6.891
77,matched,C,78,ASN,N,A,78,ASN,N,0.8729372792977327,0.18841016210539863,0.5149324928539087,0.6792390096324006,49.8074101621054,42.17693249285391,9.354239009632401,49.619,41.662,8.675
78,matched,C,79,ALA,A,A,79,ALA,A,1.0165024270094851,0.12258562886241009,0.7399701736714022,0.6860714902904039,48.16958562886241,42.1359701736714,12.760071490290404,48.047,41.396,12.074
79,matched,C,80,LEU,L,A,80,LEU,L,0.9379961059979101,0.5278701013276006,0.6155900729047019,0.47142201171860343,46.7808701013276,38.6165900729047,12.152422011718603,46.253,38.001,11.681
80,matched,C,81,SER,S,A,81,SER,S,0.7391001904890924,0.5306947571945102,0.3605030180632056,0.3669737595995013,49.82969475719451,37.3345030180632,10.1209737595995,49.299,36.974,9.754
81,matched,C,82,ALA,A,A,82,ALA,A,1.249014222239001,0.7986312637072004,0.7014540681574033,0.6558862875911995,50.9236312637072,34.713454068157404,12.5998862875912,50.125,34.012,11.944
82,matched,C,83,LEU,L,A,83,LEU,L,1.1025102524332042,0.8167543352292057,0.6269755054829034,0.39413567223620305,47.36175433522921,33.4299755054829,13.036135672236203,46.545,32.803,12.642
83,matched,C,84,SER,S,A,84,SER,S,0.9908510155479461,0.7632660072819988,0.47516064748090514,0.41645299401699454,46.918266007282,33.13916064748091,9.235452994016995,46.155,32.664,8.819
84,matched,C,85,ASP,D,A,85,ASP,D,1.5153107684932001,1.1450522817331006,0.880646380891406,0.45769416539010166,50.1830522817331,31.149646380891404,9.178694165390102,49.038,30.269,8.721
85,matched,C,86,LEU,L,A,86,LEU,L,1.3107245577099753,1.0530715914203057,0.735237241742702,0.261658724070303,48.883071591420304,29.0192372417427,11.984658724070304,47.83,28.284,11.723
86,matched,C,87,HIS,H,A,87,HIS,H,1.3060358014082074,1.279514597696604,0.25645705683549735,-0.052930962966399875,45.574514597696606,28.1154570568355,10.4640690370336,44.295,27.859,10.517
87,matched,C,88,ALA,A,A,88,ALA,A,2.204614173215558,2.1579200482863072,0.4045686631434968,0.20007227381430237,47.01092004828631,27.712568663143497,6.9610722738143025,44.853,27.308,6.761
88,matched,C,89,HIS,H,A,89,HIS,H,2.0091336139987446,1.689386976594406,-0.19685675727290075,1.0695031273114006,49.9833869765944,25.4681432427271,7.7735031273114,48.294,25.665,6.704
89,matched,C,90,LYS,K,A,90,LYS,K,1.338668602491992,0.5852359315359976,-0.08109668000459891,1.2012309770519938,49.213235931536,23.7089033199954,11.008230977051994,48.628,23.79,9.807
90,matched,C,91,LEU,L,A,91,LEU,L,1.4885023706523843,0.522350734352905,0.5199635574656014,1.293223459679906,45.5233507343529,23.662963557465602,12.021223459679906,45.001,23.143,10.728
91,matched,C,92,ARG,R,A,92,ARG,R,1.5105332831771223,0.9184228493533979,0.44781250342979817,1.1125080813834023,44.3104228493534,23.493812503429798,8.393508081383402,43.392,23.046,7.281
92,matched,C,93,VAL,V,A,93,VAL,V,0.9246922800384234,0.542191156180607,-0.317975769256595,0.6782152852066012,40.63519115618061,24.147024230743405,9.1952152852066,40.093,24.465,8.517
93,matched,C,94,ASP,D,A,94,ASP,D,1.2075879827069096,1.2016306163517072,-0.11975304293520139,0.0034360634627006448,38.455630616351705,24.019246957064798,6.1194360634627,37.254,24.139,6.116
94,matched,C,95,PRO,P,A,95,PRO,P,1.0202314463828233,1.018224884398002,-0.05846585441179286,-0.025923596374000546,37.454224884398,27.583534145588207,5.101076403625999,36.436,27.642,5.127
95,matched,C,96,VAL,V,A,96,VAL,V,0.9988212573217594,0.960288377170194,-0.11903971083249942,-0.24762811632480375,33.7182883771702,26.7029602891675,5.299371883675196,32.758,26.822,5.547
96,matched,C,97,ASN,N,A,97,ASN,N,0.3750893741091124,0.3236931021313083,-0.05813921491730056,-0.18037362859070072,33.925693102131305,26.594860785082698,9.0556263714093,33.602,26.653,9.236
97,matched,C,98,PHE,F,A,98,PHE,F,0.5184459893734791,0.4981108092259987,-0.07443965313050072,0.1230065188170002,34.838110809226,30.2485603468695,9.376006518817,34.34,30.323,9.253
98,matched,C,99,LYS,K,A,99,LYS,K,0.6348940281662064,0.6028687968999051,0.18749589324310278,0.06696962552190122,31.388868796899906,31.2214958932431,8.210969625521901,30.786,31.034,8.144
99,matched,C,100,LEU,L,A,100,LEU,L,0.6466443065987503,0.6420179218205035,0.005309627874499512,-0.07703022244349711,29.852017921820504,28.9623096278745,10.861969777556503,29.21,28.957,10.939
100,matched,C,101,LEU,L,A,101,LEU,L,0.47780416008515125,0.4751078314413064,-0.010849278668796813,0.04951421058830263,31.779107831441305,30.497150721331202,13.754514210588303,31.304,30.508,13.705
101,matched,C,102,SER,S,A,102,SER,S,0.36335875718064126,0.36252027824560074,0.010616996860896677,-0.0222691189374018,31.1145202782456,33.996616996860894,12.372730881062598,30.752,33.986,12.395
102,matched,C,103,HIS,H,A,103,HIS,H,0.2836769375101331,0.20370616262820107,-0.06695779034690474,-0.185723069364796,27.3317061626282,33.332042209653096,12.421276930635203,27.128,33.399,12.607
103,matched,C,104,CYS,C,A,104,CYS,C,0.35735446451610103,0.3262971504444998,-0.07032526729459221,-0.12761951144450023,27.6332971504445,32.04267473270541,16.0153804885555,27.307,32.113,16.143
104,matched,C,105,LEU,L,A,105,LEU,L,0.24927793617606078,0.19553014343910036,-0.14698635895119594,0.04798398434010309,29.4785301434391,35.084013641048806,17.085983984340103,29.283,35.231,17.038
105,matched,C,106,LEU,L,A,106,LEU,L,0.40742396437499606,0.3530267903395057,-0.17551629304160343,-0.10276382109749882,26.774026790339505,37.2894837069584,15.5682361789025,26.421,37.465,15.671
106,matched,C,107,VAL,V,A,107,VAL,V,0.4762605174227465,0.465361160459107,-0.10118385330250135,0.004989851981104465,24.121361160459106,35.2858161466975,17.446989851981105,23.656,35.387,17.442
107,matched,C,108,THR,T,A,108,THR,T,0.2085324333317592,0.14983617638479885,-0.12808067631249287,0.0680458400858015,26.0228361763848,35.716919323687506,20.6960458400858,25.873,35.845,20.628
108,matched,C,109,LEU,L,A,109,LEU,L,0.26534344831404166,0.05498107380250161,-0.2474752467968031,0.07835961529749724,26.3969810738025,39.4705247532032,20.2163596152975,26.342,39.718,20.138
109,matched,C,110,ALA,A,A,110,ALA,A,0.2887232255665275,0.03874636473490156,-0.26637547894739555,-0.10442185794610026,22.649746364734902,39.6946245210526,19.3065781420539,22.611,39.961,19.411
110,matched,C,111,ALA,A,A,111,ALA,A,0.2680770442494734,0.15404362353890022,0.030524933520304387,0.21726502740689924,21.7940436235389,37.8365249335203,22.5452650274069,21.64,37.806,22.328
111,matched,C,112,HIS,H,A,112,HIS,H,0.3152396039196648,0.25084530278979855,0.05569049245490021,0.18262313927279905,23.8938453027898,40.1806904924549,24.7036231392728,23.643,40.125,24.521
112,matched,C,113,LEU,L,A,113,LEU,L,0.21748572420454432,0.17578974948080273,-0.08859730324999049,-0.09245821795319742,23.5727897494808,43.56140269675001,23.0545417820468,23.397,43.65,23.147
113,matched,C,114,PRO,P,A,114,PRO,P,1.1101670829703136,-0.17481816543590156,-0.33515575625130367,1.043829574306102,19.749181834564098,44.0478442437487,22.7578295743061,19.924,44.383,21.714
114,matched,C,115,ALA,A,A,115,ALA,A,0.4381066009267296,0.1398478704297048,-0.3995993010262069,0.11269589846669703,20.285847870429706,47.767400698973795,22.0906958984667,20.146,48.167,21.978
115,matched,C,116,GLU,E,A,116,GLU,E,0.17591363575811358,0.11151767249830158,-0.11854086955909793,0.06676434834829692,23.4865176724983,48.0034591304409,20.061764348348298,23.375,48.122,19.995
116,matched,C,117,PHE,F,A,117,PHE,F,0.05491863841018789,-0.010643866127097112,-0.05387479556999608,0.0005209232079010917,22.595356133872905,45.244125204430006,17.577520923207903,22.606,45.298,17.577
117,matched,C,118,THR,T,A,118,THR,T,0.1652116023860937,-0.13844571860309784,-0.05190857476250699,0.07370994796889896,20.7645542813969,47.496091425237495,15.0957099479689,20.903,47.548,15.022
118,matched,C,119,PRO,P,A,119,PRO,P,0.19695038558651518,0.06812757720559759,0.18327912218299502,0.0235976901116004,20.2671275772056,46.398279122183,11.4975976901116,20.199,46.215,11.474
119,matched,C,120,ALA,A,A,120,ALA,A,0.24676142724385788,0.02275552903200051,0.24498286545770043,-0.01888871372099743,23.119755529032002,48.6469828654577,10.394111286279003,23.097,48.402,10.413
120,matched,C,121,VAL,V,A,121,VAL,V,0.19012015915475186,-0.04441895565979692,0.16376678112148824,0.08575005945320235,25.404581044340205,47.37376678112149,13.117750059453202,25.449,47.21,13.032
121,matched,C,122,HIS,H,A,122,HIS,H,0.1752536604648466,0.08779826277620018,0.08117014955980295,-0.1281277385277999,24.4877982627762,43.766170149559805,12.2048722614722,24.4,43.685,12.333
122,matched,C,123,ALA,A,A,123,ALA,A,0.17043639550094208,0.04472014625289944,0.05677265303610568,-0.15435523735110124,25.511720146252898,44.4697726530361,8.614644762648899,25.467,44.413,8.769
123,matched,C,124,SER,S,A,124,SER,S,0.202781208865851,-0.01066136470129564,-0.06502410720528928,-0.19177700449729862,28.846338635298704,46.00297589279471,9.593222995502702,28.857,46.068,9.785
124,matched,C,125,LEU,L,A,125,LEU,L,0.12628125333666693,0.11599565108669907,0.04858651182529883,-0.011459264457299057,29.6659956510867,43.1935865118253,12.022540735542702,29.55,43.145,12.034
125,matched,C,126,ASP,D,A,126,ASP,D,0.23503177641830048,0.2050895419222023,-0.05216417457769751,-0.10226003428080155,28.9420895419222,40.510835825422305,9.3867399657192,28.737,40.563,9.489
126,matched,C,127,LYS,K,A,127,LYS,K,0.2142605105754658,0.21381346797329925,0.003836486755105284,-0.013290924522700642,31.2348134679733,42.354836486755104,6.949709075477299,31.021,42.351,6.963
127,matched,C,128,PHE,F,A,128,PHE,F,0.19268337861162688,0.18504454635470324,0.013923772108206833,0.051879946297701096,33.873044546354706,42.657923772108205,9.547879946297702,33.688,42.644,9.496
128,matched,C,129,LEU,L,A,129,LEU,L,0.34980731667931386,0.31550120535919746,-0.13153256850670658,0.0743191202942004,33.7995012053592,38.864467431493296,10.4593191202942,33.484,38.996,10.385
129,matched,C,130,ALA,A,A,130,ALA,A,0.33280168257006065,0.3022580870620999,-0.12835403709319593,-0.05405783836690059,33.9602580870621,38.0616459629068,6.7519421616330995,33.658,38.19,6.806
130,matched,C,131,SER,S,A,131,SER,S,0.23084164912791444,0.10691324019310144,0.18042040856690278,-0.09646710432089911,37.0179132401931,40.249420408566905,6.364532895679101,36.911,40.069,6.461
131,matched,C,132,VAL,V,A,132,VAL,V,0.26827303868207075,0.17836856497279996,0.18723322038589885,0.07140587858980041,38.6623685649728,38.5582332203859,9.3854058785898,38.484,38.371,9.314
132,matched,C,133,SER,S,A,133,SER,S,0.4028646613824934,0.3471005626109047,0.20444101971840212,-0.005000428234102294,37.7751005626109,35.1804410197184,7.848999571765898,37.428,34.976,7.854
133,matched,C,134,THR,T,A,134,THR,T,0.6513952346617061,0.5733908469416988,0.29038318230280424,0.10590701496670007,39.3223908469417,36.2023831823028,4.5159070149667,38.749,35.912,4.41
134,matched,C,135,VAL,V,A,135,VAL,V,0.7588300026496111,0.5459262692295042,0.46979440639079684,0.23891566966250366,42.593926269229506,37.244794406390795,6.180915669662504,42.048,36.775,5.942
135,matched,C,136,LEU,L,A,136,LEU,L,0.8615858675906599,0.5236034649173078,0.5911788734563075,0.3444955127972946,42.789603464917306,34.068178873456304,8.303495512797294,42.266,33.477,7.959
136,matched,C,137,THR,T,A,137,THR,T,1.0828518283759894,0.9023220472622029,0.4765010890180932,0.36239442242719644,42.4183220472622,31.887501089018095,5.140394422427196,41.516,31.411,4.778
137,matched,C,138,SER,S,A,138,SER,S,1.2515801272499034,0.9358791381900033,0.6514306691327931,0.5159662168600017,44.66187913819,34.09343066913279,2.9119662168600016,43.726,33.442,2.396
138,matched,C,139,LYS,K,A,139,LYS,K,1.4494100545511084,1.0878257001336067,0.6864559477033048,0.6679842694445979,47.66882570013361,31.770455947703304,2.989984269444598,46.581,31.084,2.322
139,matched,C,140,TYR,Y,A,140,TYR,Y,2.8002729522845606,1.8747448520249037,-0.3345639014700019,2.0530288217498995,45.9817448520249,28.423436098529997,2.6010288217498996,44.107,28.758,0.548
140,matched,C,141,ARG,R,A,141,ARG,R,5.2838595976636045,3.5529347438573,-3.785700044890202,0.9819888613583001,47.2349347438573,27.919299955109796,-0.9130111386416999,43.682,31.705,-1.895
141,matched,D,1,VAL,V,B,1,VAL,V,1.1369701732885418,-0.39109444922919856,-0.20761931706809733,-1.0472060570442014,13.157905550770801,16.670380682931903,10.102793942955799,13.549,16.878,11.15
142,matched,D,2,HIS,H,B,2,HIS,H,1.0821135585286978,0.43400273773060327,0.2351378223235976,-0.962975379595397,14.264002737730603,14.819137822323597,13.122024620404604,13.83,14.584,14.085
143,matched,D,3,LEU,L,B,3,LEU,L,0.8145999034666997,0.5357785197908047,-0.47185500366100186,-0.3922591439071965,14.115778519790805,16.540144996339,16.478740856092802,13.58,17.012,16.871
144,matched,D,4,THR,T,B,4,THR,T,0.6878902240570863,0.602644939023202,-0.2792685628069034,-0.17894442615179784,14.577644939023202,14.957731437193097,19.8640555738482,13.975,15.237,20.043
145,matched,D,5,PRO,P,B,5,PRO,P,0.6959673445179806,0.24280249327910397,-0.12818426910570402,-0.6395203570228993,11.471802493279103,15.643815730894296,22.0054796429771,11.229,15.772,22.645
146,matched,D,6,GLU,E,B,6,GLU,E,0.5758886931237867,0.019816701363902567,-0.13629059288820145,-0.5591779318830987,13.453816701363902,18.118709407111798,23.9958220681169,13.434,18.255,24.555
147,matched,D,7,GLU,E,B,7,GLU,E,0.4697615688835598,-0.0009323443543998167,-0.07590143477709788,-0.4635882165594012,14.4290676556456,20.027098565222904,20.8534117834406,14.43,20.103,21.317
148,matched,D,8,LYS,K,B,8,LYS,K,0.6177782385528129,0.03815407709699947,-0.06595273538570368,-0.6130615426899944,10.748154077097,19.867047264614296,19.757938457310004,10.71,19.933,20.371
149,matched,D,9,SER,S,B,9,SER,S,0.9717882043952507,-0.36953074193640134,-0.06248269526519579,-0.8966132152484008,9.5524692580636,21.254517304734804,22.9273867847516,9.922,21.317,23.824
150,matched,D,10,ALA,A,B,10,ALA,A,0.33278297150770814,-0.03171899015399937,-0.23405507478710064,-0.2344283126149982,12.240281009846,23.9299449252129,22.927571687385,12.272,24.164,23.162
151,matched,D,11,VAL,V,B,11,VAL,V,0.2576486910291944,-0.13636865066369985,-0.10859565167090324,-0.18971932833370175,11.1206313493363,25.0934043483291,19.4502806716663,11.257,25.202,19.64
152,matched,D,12,THR,T,B,12,THR,T,0.3323264436339079,-0.10688428113639947,-0.2763168870056951,-0.15055096658539924,7.394115718863601,24.956683112994305,20.295449033414602,7.501,25.233,20.446
153,matched,D,13,ALA,A,B,13,ALA,A,0.29348056538878176,-0.148037012168996,-0.13938924110739848,-0.21162827021099773,7.696962987831004,26.8836107588926,23.546371729789,7.845,27.023,23.758
154,matched,D,14,LEU,L,B,14,LEU,L,0.2676536834733742,-0.07447781592020242,-0.2502584368011007,0.05884100630080269,9.690522184079798,29.7567415631989,22.197841006300802,9.765,30.007,22.139
155,matched,D,15,TRP,W,B,15,TRP,W,0.2348909456195457,-0.017599431578100067,-0.21945116702429956,0.08188529558989899,7.4624005684219,30.0465488329757,19.1588852955899,7.48,30.266,19.077
156,matched,D,16,GLY,G,B,16,GLY,G,0.2987867893215277,-0.1582752040729991,-0.2517218083368995,-0.029302499148002425,4.327724795927001,30.5622781916631,21.288697500852,4.486,30.814,21.318
157,matched,D,17,LYS,K,B,17,LYS,K,0.34513767628345093,-0.28723260043229804,-0.0461738723290992,-0.1857025103583041,5.893767399567702,33.8748261276709,22.446297489641697,6.181,33.921,22.632
158,matched,D,18,VAL,V,B,18,VAL,V,0.4308225456131667,-0.3306308858670013,-0.12470300960820424,-0.24645576177899997,6.751369114132999,35.1362969903918,18.909544238221,7.082,35.261,19.156
159,matched,D,19,ASN,N,B,19,ASN,N,1.009493231258941,-0.7233351774232988,-0.49866417044329125,-0.4971889481632985,4.685664822576701,37.975335829556705,17.4728110518367,5.409,38.474,17.97
160,matched,D,20,VAL,V,B,20,VAL,V,0.856006889521832,0.37967776857360036,-0.49669056806300205,-0.5847145171423964,4.8056777685736005,36.707309431937,13.939285482857603,4.426,37.204,14.524
161,matched,D,21,ASP,D,B,21,ASP,D,1.2941915321111426,0.718784202781503,-0.5823041104859996,-0.9050982899834992,4.029784202781503,39.998695889514,12.330901710016501,3.311,40.581,13.236
162,matched,D,22,GLU,E,B,22,GLU,E,0.3930711701712964,0.13687607734420304,-0.2616887059857973,0.259401051328199,6.765876077344203,41.8973112940142,14.1914010513282,6.629,42.159,13.932
163,matched,D,23,VAL,V,B,23,VAL,V,0.2796550162449343,0.24143423764190075,-0.14043576853340056,0.013936711292904747,9.506434237641901,39.1775642314666,13.947936711292904,9.265,39.318,13.934
164,matched,D,24,GLY,G,B,24,GLY,G,0.457760171635369,-0.29411242106169944,0.3505320791303035,-0.013019985155702685,8.6198875789383,38.55953207913031,10.290980014844298,8.914,38.209,10.304
165,matched,D,25,GLY,G,B,25,GLY,G,0.7751662441988688,-0.4670252310949987,0.5785528116501979,0.21919576592100043,9.080974768905001,42.2785528116502,9.337195765921,9.548,41.7,9.118
166,matched,D,26,GLU,E,B,26,GLU,E,0.2776632522611883,-0.24661822712639925,0.12151081804159247,-0.038877407374400264,12.320381772873601,42.373510818041595,11.2761225926256,12.567,42.252,11.315
167,matched,D,27,ALA,A,B,27,ALA,A,0.3023526667802274,-0.3020497305893013,-0.012744911499503075,0.004545612270700161,13.723950269410699,39.2242550885005,9.6745456122707,14.026,39.237,9.67
168,matched,D,28,LEU,L,B,28,LEU,L,0.3267216921661418,-0.2583214604241988,0.16748344835050233,0.1093909582408017,12.8676785395758,40.2204834483505,6.112390958240802,13.126,40.053,6.003
169,matched,D,29,GLY,G,B,29,GLY,G,0.3682398218169256,-0.2330222491383971,0.27690589476669913,0.06800237658859931,14.140977750861603,43.7619058947667,6.6910023765885995,14.374,43.485,6.623
170,matched,D,30,ARG,R,B,30,ARG,R,0.2782694169978278,-0.19916860632289612,0.17906939329839844,-0.07549759648789944,17.431831393677104,42.5600693932984,8.083502403512101,17.631,42.381,8.159
171,matched,D,31,LEU,L,B,31,LEU,L,0.3004875275539204,-0.29892525173229956,-0.02972827581459825,0.0072579411227007284,17.8840747482677,40.2022717241854,5.1522579411227,18.183,40.232,5.145
172,matched,D,32,LEU,L,B,32,LEU,L,0.2129887298077026,-0.21295326338830023,0.003791914948102715,0.0008532399417022773,17.5550467366117,43.045791914948104,2.755853239941702,17.768,43.042,2.755
173,matched,D,33,VAL,V,B,33,VAL,V,0.15974203299295156,-0.12159416710529314,0.06325868758979425,0.08204092926770201,19.961405832894705,45.2112586875898,4.790040929267702,20.083,45.148,4.708
174,matched,D,34,VAL,V,B,34,VAL,V,0.20317891592891862,0.047955578589203185,0.1874730991119975,0.06193360533319936,22.681955578589204,42.768473099112,5.592933605333199,22.634,42.581,5.531
175,matched,D,35,TYR,Y,B,35,TYR,Y,0.09716405216011655,-0.002564185524800422,0.07690481288769746,0.059328978918202324,22.5984358144752,40.9689048128877,2.2133289789182022,22.601,40.892,2.154
176,matched,D,36,PRO,P,B,36,PRO,P,0.41947158992020567,-0.3857785806963996,0.003435774381998158,0.1646799832415971,21.4522214193036,43.735435774382,-0.1383200167584029,21.838,43.732,-0.303
177,matched,D,37,TRP,W,B,37,TRP,W,0.1222342472701011,-0.10931654670609703,-0.004130097371799479,0.0545348156469001,21.634683453293903,41.6418699026282,-3.3434651843531,21.744,41.646,-3.398
178,matched,D,38,THR,T,B,38,THR,T,0.2583088659653654,-0.05957871973759765,-0.21233686320490364,0.13448755672940127,18.472421280262402,39.9796631367951,-2.0275124432705987,18.532,40.192,-2.162
179,matched,D,39,GLN,Q,B,39,GLN,Q,0.4664237390872026,-0.16582604445629912,-0.30134927766290076,-0.3150260945003005,16.6741739555437,43.2556507223371,-2.8570260945003003,16.84,43.557,-2.542
180,matched,D,40,ARG,R,B,40,ARG,R,0.7858989990705373,-0.21125011334909516,-0.7486095574272014,-0.11222458232809984,16.764749886650904,41.8733904425728,-6.4682245823281,16.976,42.622,-6.356
181,matched,D,41,PHE,F,B,41,PHE,F,0.7622365647942247,-0.46481847855240055,-0.4919383826222017,-0.35063512432239907,13.3191815214476,40.3450616173778,-5.817635124322399,13.784,40.837,-5.467
182,matched,D,42,PHE,F,B,42,PHE,F,0.6620254232432742,-0.19880169658769908,-0.3732051707689976,-0.5093853619467015,11.5771983034123,43.337794829231,-4.401385361946701,11.776,43.711,-3.892
183,matched,D,43,GLU,E,B,43,GLU,E,0.5865057902233838,-0.33990478963420045,-0.3207339787023926,-0.35437761054420314,11.9680952103658,46.320266021297606,-6.646377610544203,12.308,46.641,-6.292
184,matched,D,44,SER,S,B,44,SER,S,0.46475469392300545,-0.24504514247519715,0.2297711893864971,-0.3211775275462019,8.217954857524802,46.828771189386494,-6.719177527546202,8.463,46.599,-6.398
185,matched,D,45,PHE,F,B,45,PHE,F,0.31075979428507366,0.062375764397300415,0.11329360945650535,-0.2825694106167025,8.4983757643973,47.577293609456504,-2.9775694106167023,8.436,47.464,-2.695
186,matched,D,46,GLY,G,B,46,GLY,G,0.24793551691370475,-0.13268937895129973,0.04232527379080153,-0.20511977101030032,9.4933106210487,51.0723252737908,-2.6901197710103,9.626,51.03,-2.485
187,matched,D,47,ASP,D,B,47,ASP,D,0.1788416499795444,-0.026888260475498527,-0.1258677145937952,-0.12417195995450236,12.4711117395245,52.74513228540621,-1.1591719599545023,12.498,52.871,-1.035
188,matched,D,48,LEU,L,B,48,LEU,L,0.5060168983691561,0.06981963750789966,-0.2747290076529012,-0.41916857230410115,15.1228196375079,50.2122709923471,0.005831427695898839,15.053,50.487,0.425
189,matched,D,49,SER,S,B,49,SER,S,0.1631108524959133,0.023281492958801664,-0.16143847737629358,-0.0008604126782013471,18.0812814929588,52.552561522623705,-0.10486041267820134,18.058,52.714,-0.104
190,matched,D,50,THR,T,B,50,THR,T,0.3460476950194155,0.2453287118899965,-0.22234892046309795,0.10061703593100146,18.940328711889997,52.968651079536905,3.6176170359310014,18.695,53.191,3.517
191,matched,D,51,PRO,P,B,51,PRO,P,0.6673739411519367,0.41406360321870395,0.13410574705409317,0.5059199130547007,18.506063603218703,50.703105747054096,6.6539199130547,18.092,50.569,6.148
192,matched,D,52,ASP,D,B,52,ASP,D,0.07837787446990498,-0.015371198374197093,0.07653373485389636,0.007028861662798036,15.836628801625803,53.0085337348539,8.052028861662798,15.852,52.932,8.045
193,matched,D,53,ALA,A,B,53,ALA,A,0.27336422886443035,0.18962823080810054,0.024638415451995854,-0.1953511816888991,13.931628230808101,53.058638415451995,4.809648818311101,13.742,53.034,5.005
194,matched,D,54,VAL,V,B,54,VAL,V,0.4671904662447685,0.12073511974760187,-0.0012924188552005944,-0.45131839344639957,14.001735119747602,49.2297075811448,4.5456816065536,13.881,49.231,4.997
195,matched,D,55,MET,M,B,55,MET,M,0.3584862468491815,0.0895236051000996,-0.08919052956409956,-0.3354742355918994,12.9485236051001,48.6568094704359,8.205525764408101,12.859,48.746,8.541
196,matched,D,56,GLY,G,B,56,GLY,G,0.5436110403730356,0.3077710188486993,0.10229088319840685,-0.436264298776301,10.0947710188487,51.127290883198405,8.0407357012237,9.787,51.025,8.477
197,matched,D,57,ASN,N,B,57,ASN,N,0.6117286766853779,0.25411095896709845,0.16588085483240178,-0.5311526488799023,8.898110958967099,50.0898808548324,4.543847351120098,8.644,49.924,5.075
198,matched,D,58,PRO,P,B,58,PRO,P,0.5817627470500132,0.2301383790492011,0.2867508170945001,-0.45084164541379756,5.361138379049201,48.8587508170945,4.894158354586202,5.131,48.572,5.345
199,matched,D,59,LYS,K,B,59,LYS,K,0.4747727494115836,0.1719135339695006,0.1201689171049054,-0.4259276133144998,5.531913533969501,46.4171689171049,1.9530723866855002,5.36,46.297,2.379
200,matched,D,60,VAL,V,B,60,VAL,V,0.38370389796950616,0.07111958979620425,-0.05179753324009795,-0.3734805226707998,8.585119589796204,44.8082024667599,3.6305194773291998,8.514,44.86,4.004
201,matched,D,61,LYS,K,B,61,LYS,K,0.5370742239372784,-0.11063202583060061,0.3052235360408062,-0.4278409399825991,6.591367974169399,44.4772235360408,6.8981590600174005,6.702,44.172,7.326
202,matched,D,62,ALA,A,B,62,ALA,A,0.1843626843474068,-0.08373615612399998,-0.11001024057969033,-0.12196557918100215,3.573263843876,43.01898975942031,5.090034420818998,3.657,43.129,5.212
203,matched,D,63,HIS,H,B,63,HIS,H,0.374952605250248,-0.024692328355400583,-0.04483542472579671,-0.37144249863739986,5.549307671644599,40.473164575274204,3.1765575013626,5.574,40.518,3.548
204,matched,D,64,GLY,G,B,64,GLY,G,0.477073395116051,0.06285430259720037,0.3635168094858017,-0.30249609946880085,7.645854302597201,39.6525168094858,6.194503900531199,7.583,39.289,6.497
205,matched,D,65,LYS,K,B,65,LYS,K,0.7199296229307895,-0.10595987946239838,0.6156175791292071,-0.3578912714563982,4.436040120537601,38.695617579129205,7.957108728543601,4.542,38.08,8.315
206,matched,D,66,LYS,K,B,66,LYS,K,0.7247336188512145,-0.3974822259439992,0.5375263757243047,-0.27984298053100165,3.2335177740560006,36.5595263757243,5.010157019468998,3.631,36.022,5.29
207,matched,D,67,VAL,V,B,67,VAL,V,0.9590367538719476,-0.5627440405610997,-0.013468625768901177,-0.7764594234150985,6.4772559594389,34.5765313742311,4.923540576584902,7.04,34.59,5.7
208,matched,D,68,LEU,L,B,68,LEU,L,0.720760566591553,0.07323612425280235,0.15281122778830536,-0.700557630120203,6.748236124252802,33.9158112277883,8.667442369879797,6.675,33.763,9.368
209,matched,D,69,GLY,G,B,69,GLY,G,0.8085971460279516,-0.29588076681200004,0.6904066289114041,0.299370344474001,3.055119233188,33.0084066289114,8.712370344474001,3.351,32.318,8.413
210,matched,D,70,ALA,A,B,70,ALA,A,1.3908302579283522,-1.2483557227399977,0.6070315348714956,-0.08677275806899765,3.7256442772600025,30.193031534871494,6.220227241931003,4.974,29.586,6.307
211,matched,D,71,PHE,F,B,71,PHE,F,1.2012631019667608,-0.6236149276525023,0.45708819177860605,-0.9193518625055006,6.8383850723474975,29.386088191778605,8.2116481374945,7.462,28.929,9.131
212,matched,D,72,SER,S,B,72,SER,S,0.7903377115928966,-0.008360709138901079,0.729672461636607,-0.30354883567189894,4.615639290861099,29.086672461636606,11.3124511643281,4.624,28.357,11.616
213,matched,D,73,ASP,D,B,73,ASP,D,1.3355196349338345,-0.9547218494052983,0.7047350020782055,0.6127539982797021,2.335278150594702,26.736735002078206,9.603753998279702,3.29,26.032,8.991
214,matched,D,74,GLY,G,B,74,GLY,G,1.2420141149711244,-1.2049878740571005,0.22716248329530586,0.19748542059089935,5.323012125942899,24.410162483295306,8.9054854205909,6.528,24.183,8.708
215,matched,D,75,LEU,L,B,75,LEU,L,1.3868253451527384,-1.377114184758601,-0.09367888127399127,0.13440731861739863,6.236885815241399,24.225321118726008,12.557407318617399,7.614,24.319,12.423
216,matched,D,76,ALA,A,B,76,ALA,A,1.7934536175385156,-1.7117892086610977,0.2784277350273072,-0.45687151338310095,2.9372107913389023,22.44542773502731,12.883128486616899,4.649,22.167,13.34
217,matched,D,77,HIS,H,B,77,HIS,H,0.5081252917999117,-0.35490900857520025,-0.2929808972669008,0.21539057926380067,4.1260909914248,19.7340191027331,10.4243905792638,4.481,20.027,10.209
218,matched,D,78,LEU,L,B,78,LEU,L,1.0518425532621487,-0.2585465807814984,0.45672731656420495,0.9115517433054983,7.747453419218502,19.269727316564204,11.368551743305499,8.006,18.813,10.457
219,matched,D,79,ASP,D,B,79,ASP,D,1.253473576811802,0.38119004736100326,0.25989066320940424,1.165481445041003,7.463190047361003,15.623890663209405,10.419481445041002,7.082,15.364,9.254
220,matched,D,80,ASN,N,B,80,ASN,N,1.1044608511805625,0.058721063364502335,0.0030462325983009464,1.1028945230505007,6.778721063364502,16.3800462325983,6.802894523050501,6.72,16.377,5.7
221,matched,D,81,LEU,L,B,81,LEU,L,0.4952546779302011,-0.4680228309869019,0.051043051514405136,0.1537089215981,8.145977169013099,19.667043051514405,5.7477089215981,8.614,19.616,5.594
222,matched,D,82,LYS,K,B,82,LYS,K,0.40567695454706126,-0.09917228627069719,-0.28496302106360005,0.2711728705323,8.501827713729304,18.5550369789364,2.1051728705323,8.601,18.84,1.834
223,matched,D,83,GLY,G,B,83,GLY,G,0.8194607090335067,-0.1447044326743976,-0.6439654646841966,0.48567989572160064,4.812295567325602,17.762034535315802,1.7076798957216006,4.957,18.406,1.222
224,matched,D,84,THR,T,B,84,THR,T,0.9100430622678659,-0.41429269019259873,-0.6415878832879969,0.49487870236339937,3.7437073098074016,20.930412116712002,3.552878702363399,4.158,21.572,3.058
225,matched,D,85,PHE,F,B,85,PHE,F,0.8403556088685564,-0.6475046882756992,-0.4508434116260993,0.28926708456229755,5.868495311724301,23.2561565883739,1.3562670845622975,6.516,23.707,1.067
226,matched,D,86,ALA,A,B,86,ALA,A,1.2545899528347113,-0.48412479677529774,-1.0630519387219017,0.4577550725887001,5.647875203224702,21.432948061278097,-2.1062449274113,6.132,22.496,-2.564
227,matched,D,87,THR,T,B,87,THR,T,1.4769071444931687,-0.7330667710733003,-1.2497492599889988,0.2863470093436997,3.2699332289267,23.996250740011,-3.5686529906563003,4.003,25.246,-3.855
228,matched,D,88,LEU,L,B,88,LEU,L,1.3524485513473168,-1.0966643078439997,-0.7842164800187987,-0.10699996453000216,5.237335692156,27.0327835199812,-2.4119999645300023,6.334,27.817,-2.305
229,matched,D,89,SER,S,B,89,SER,S,1.279816919413389,-0.946199463110899,-0.8559556013601011,0.09988959768510197,8.463800536889101,25.2150443986399,-3.508110402314898,9.41,26.071,-3.608
230,matched,D,90,GLU,E,B,90,GLU,E,1.381437373543932,-0.6736328188773975,-1.2060588230894993,0.00318709949960283,7.128367181122602,25.0069411769105,-7.052812900500397,7.802,26.213,-7.056
231,matched,D,91,LEU,L,B,91,LEU,L,1.838250060824881,-1.2631139407966003,-1.293604881808399,-0.3321037013485997,5.9178860592034,28.623395118191603,-6.9521037013486,7.181,29.917,-6.62
232,matched,D,92,HIS,H,B,92,HIS,H,1.577988045991625,-1.388306661009599,-0.6985267931096004,-0.273333509831601,9.268693338990401,30.0484732068904,-5.851333509831601,10.657,30.747,-5.578
233,matched,D,93,CYS,C,B,93,CYS,C,1.794425638354542,-1.458662369574201,-0.1891698637529018,-1.0278532121952004,11.0013376304258,28.0118301362471,-8.6558532121952,12.46,28.201,-7.628
234,matched,D,94,ASP,D,B,94,ASP,D,2.55383295748693,-2.4969048143607004,0.14454484728860706,-0.5163679985156993,8.5980951856393,28.315544847288606,-11.6273679985157,11.095,28.171,-11.111
235,matched,D,95,LYS,K,B,95,LYS,K,2.289252404463867,-2.240312534173399,0.259506540913506,-0.3928519769483998,7.002687465826601,31.726506540913505,-11.0568519769484,9.243,31.467,-10.664
236,matched,D,96,LEU,L,B,96,LEU,L,2.1033555566787174,-2.0780303026085996,-0.28474948768039354,0.1575194861514042,9.285969697391401,33.676250512319605,-8.767480513848597,11.364,33.961,-8.925
237,matched,D,97,HIS,H,B,97,HIS,H,2.0434748780813945,-1.926696984189899,0.4643139525506008,-0.4980370085948991,12.7223030158101,32.4113139525506,-9.870037008594899,14.649,31.947,-9.372
238,matched,D,98,VAL,V,B,98,VAL,V,1.765889903013019,-1.7033694416771983,0.09205048534690974,-0.45653740577420177,14.208630558322803,32.73005048534691,-6.355537405774202,15.912,32.638,-5.899
239,matched,D,99,ASP,D,B,99,ASP,D,1.5781509417062847,-1.448808554285499,0.3083356343024022,-0.5444660728244974,17.639191445714502,31.079335634302403,-5.840466072824498,19.088,30.771,-5.296
240,matched,D,100,PRO,P,B,100,PRO,P,1.6348025654382645,-1.513266687963398,0.28295212106349865,-0.5500376862083964,17.092733312036604,28.749952121063497,-2.9060376862083963,18.606,28.467,-2.356
241,matched,D,101,GLU,E,B,101,GLU,E,1.4561133622892082,-1.1009308265220987,0.09052241043880116,-0.9486954897431001,20.350069173477902,30.036522410438803,-1.3716954897431002,21.451,29.946,-0.423
242,matched,D,102,ASN,N,B,102,ASN,N,1.4357800726644379,-1.2911597741876015,0.024352477792206173,-0.6275171801676032,18.094840225812398,32.98035247779221,-0.21651718016760313,19.386,32.956,0.411
243,matched,D,103,PHE,F,B,103,PHE,F,1.0162528431323292,-1.0123786900172007,0.08856694106550123,0.003889231787801428,16.0946213099828,30.5185669410655,2.005889231787801,17.107,30.43,2.002
244,matched,D,104,ARG,R,B,104,ARG,R,0.7979736731425624,-0.553220311825001,0.10144080645079967,-0.5660556795930001,19.357779688175,29.7264408064508,3.880944320407,19.911,29.625,4.447
245,matched,D,105,LEU,L,B,105,LEU,L,0.6954803950289592,-0.42986910501209863,0.15252492582130373,-0.5250158849301041,20.219130894987902,33.383524925821305,4.368984115069896,20.649,33.231,4.894
246,matched,D,106,LEU,L,B,106,LEU,L,0.26758870668832774,-0.22979812030929736,0.031241185458995346,-0.13349355108229854,16.7632018796907,34.164241185459,5.768506448917702,16.993,34.133,5.902
247,matched,D,107,GLY,G,B,107,GLY,G,0.11966770912598432,-0.03952988357939802,0.06899667048240232,0.08942711207460086,17.0174701164206,31.1149966704824,8.1094271120746,17.057,31.046,8.02
248,matched,D,108,ASN,N,B,108,ASN,N,0.3427406558957699,0.09547944742330117,0.18922834254220078,-0.2693463693876996,20.212479447423302,32.5242283425422,9.5806536306123,20.117,32.335,9.85
249,matched,D,109,VAL,V,B,109,VAL,V,0.26083545505378636,-0.075756530135898,0.14680612301129514,-0.20185154198389732,18.8772434698641,36.0418061230113,9.852148458016103,18.953,35.895,10.054
250,matched,D,110,LEU,L,B,110,LEU,L,0.2772450347207117,-0.03195386700410019,0.26901567275540117,0.05894342603490088,15.7970461329959,34.6960156727554,11.6019434260349,15.829,34.427,11.543
251,matched,D,111,VAL,V,B,111,VAL,V,0.20502968201417002,0.09584128341650455,0.16569379363329517,0.07346554057050092,18.074841283416504,32.98969379363329,14.171465540570502,17.979,32.824,14.098
252,matched,D,112,CYS,C,B,112,CYS,C,0.3185434145848476,0.20327752754760198,0.2405463551469964,-0.04780799927839574,19.8332775275476,36.343546355147,14.683192000721604,19.63,36.103,14.731
253,matched,D,113,VAL,V,B,113,VAL,V,0.300519860098773,0.24939534204070313,0.1555932252428036,0.06248918258970093,16.466395342040702,38.0285932252428,15.2324891825897,16.217,37.873,15.17
254,matched,D,114,LEU,L,B,114,LEU,L,0.2405034142621619,0.20632271494749865,0.10962443515949616,0.05705534842950044,15.257322714947499,35.414624435159496,17.7360553484295,15.051,35.305,17.679
255,matched,D,115,ALA,A,B,115,ALA,A,0.4144273742108289,0.25874412235160094,0.3074014706541135,0.10151779885059753,18.535744122351602,35.83940147065411,19.6895177988506,18.277,35.532,19.588
256,matched,D,116,HIS,H,B,116,HIS,H,0.43409061606455973,0.28093734787920255,0.3012403349537962,-0.1369785754008035,18.201937347879202,39.6422403349538,19.601021424599196,17.921,39.341,19.738
257,matched,D,117,HIS,H,B,117,HIS,H,0.5821699585140702,0.2489744686270008,0.5044927393904928,-0.14973526795799685,14.609974468627001,39.49349273939049,20.739264732042002,14.361,38.989,20.889
258,matched,D,118,PHE,F,B,118,PHE,F,0.4355678369688444,0.16603271984900303,0.3967401988383017,-0.06891800321400154,14.821032719849002,36.7657401988383,23.463081996786,14.655,36.369,23.532
259,matched,D,119,GLY,G,B,119,GLY,G,0.3824518789860745,0.13421964111550366,0.3181570903439024,0.1644098340814999,18.319219641115502,37.4041570903439,24.8254098340815,18.185,37.086,24.661
260,matched,D,120,LYS,K,B,120,LYS,K,0.2781813631331523,0.1991248767442002,0.18780385580659242,0.04963734481620108,19.6501248767442,34.851803855806594,27.2786373448162,19.451,34.664,27.229
261,matched,D,121,GLU,E,B,121,GLU,E,0.26222565737623316,0.19872774282900352,0.15063151990339918,0.08111550300700188,16.552727742829003,32.6846315199034,26.825115503007,16.354,32.534,26.744
262,matched,D,122,PHE,F,B,122,PHE,F,0.14875691536383212,-0.06242879463799511,0.0810996169104925,-0.10795423847899954,17.814571205362004,31.750099616910493,23.368045761521,17.877,31.669,23.476
263,matched,D,123,THR,T,B,123,THR,T,0.15877397873870752,-0.0556849870575995,0.10405902841350567,-0.10620770756659681,20.3823150129424,29.359059028413505,24.725792292433404,20.438,29.255,24.832
264,matched,D,124,PRO,P,B,124,PRO,P,0.09667478309464121,0.04957936927930007,-0.02967137500659689,0.0775081243062985,22.8735793692793,27.343328624993404,22.7095081243063,22.824,27.373,22.632
265,matched,D,125,PRO,P,B,125,PRO,P,0.13610470176102296,-0.04241694637399718,0.1280920048605978,-0.01782500470000059,20.634583053626002,24.2340920048606,22.7751749953,20.677,24.106,22.793
266,matched,D,126,VAL,V,B,126,VAL,V,0.2229960361427205,-0.08900380950780118,0.20222171134250289,-0.030198236540798007,17.5849961904922,26.229221711342504,21.6518017634592,17.674,26.027,21.682
267,matched,D,127,GLN,Q,B,127,GLN,Q,0.23523010096927902,0.10117677126140379,0.1483074898117991,-0.1519912820686038,19.670176771261403,27.7423074898118,18.843008717931397,19.569,27.594,18.995
268,matched,D,128,ALA,A,B,128,ALA,A,0.23262739524573714,-0.05867459401810038,0.10806353785689993,-0.1974716911900991,20.7493254059819,24.2410635378569,17.7905283088099,20.808,24.133,17.988
269,matched,D,129,ALA,A,B,129,ALA,A,0.29628437977661076,-0.029684088938896735,0.16217294891630019,-0.24617721909890378,17.1433159110611,23.1581729489163,17.536822780901097,17.173,22.996,17.783
270,matched,D,130,TYR,Y,B,130,TYR,Y,0.30601902555646376,-0.034235298996595276,0.2865272938858041,-0.10187098784059856,16.141764701003403,26.228527293885804,15.5211290121594,16.176,25.942,15.623
271,matched,D,131,GLN,Q,B,131,GLN,Q,0.2708315743127805,-0.017463952396298055,0.257791408533798,-0.08116860044130014,19.107536047603702,25.7117914085338,13.1868313995587,19.125,25.454,13.268
272,matched,D,132,LYS,K,B,132,LYS,K,0.11248503440165603,-0.04951309630850176,0.097405946025102,0.026709884635499392,17.8614869036915,22.2394059460251,12.3567098846355,17.911,22.142,12.33
273,matched,D,133,VAL,V,B,133,VAL,V,0.18348225281538635,-0.12054291247109816,0.13367148241939475,0.035596041057903705,14.408457087528902,23.630671482419395,11.674596041057903,14.529,23.497,11.639
274,matched,D,134,VAL,V,B,134,VAL,V,0.2582724296863253,-0.19711898164460173,-0.017806269369696537,-0.16592676632360082,15.376881018355398,26.480193730630305,9.399073233676399,15.574,26.498,9.565
275,matched,D,135,ALA,A,B,135,ALA,A,0.3189589840405336,0.04756035641000267,0.17171111272460493,-0.2645527164199999,17.75556035641,24.134711112724606,7.42344728358,17.708,23.963,7.688
276,matched,D,136,GLY,G,B,136,GLY,G,0.12782324032894313,-0.08727004324509657,0.012198394095698006,0.09259546156089815,14.753729956754903,21.776198394095697,7.180595461560898,14.841,21.764,7.088
277,matched,D,137,VAL,V,B,137,VAL,V,0.45684309013615676,-0.4427515378131961,-0.1052516571760016,0.03998466494680297,12.469248462186805,24.533748342823998,5.919984664946803,12.912,24.639,5.88
278,matched,D,138,ALA,A,B,138,ALA,A,0.7012294265227251,-0.6697160300533014,-0.17200964941940455,-0.1166868810863031,15.042283969946698,25.761990350580596,3.3853131189136967,15.712,25.934,3.502
279,matched,D,139,ASN,N,B,139,ASN,N,0.5853278327518107,-0.5559969624341008,-0.18183983061940268,-0.020256494225103783,15.5000030375659,22.2841601693806,2.169743505774896,16.056,22.466,2.19
280,matched,D,140,ALA,A,B,140,ALA,A,0.7555167728865103,-0.5537762193895013,-0.3710519194398003,0.35560928844949724,11.747223780610499,21.7169480805602,1.9376092884494973,12.301,22.088,1.582
281,matched,D,141,LEU,L,B,141,LEU,L,0.7264759972396455,-0.5948779774798005,-0.2546842211237994,0.3301870893681989,11.3221220225202,24.9103157788762,-0.13181291063180112,11.917,25.165,-0.462
282,matched,D,142,ALA,A,B,142,ALA,A,0.9865777657849693,-0.8396526189297973,-0.5161416739417959,-0.04378287206380005,14.166347381070203,23.940858326058205,-2.5227828720638,15.006,24.457,-2.479
283,matched,D,143,HIS,H,B,143,HIS,H,1.1809783739442499,-0.8704446946817974,-0.6973895698386983,0.3881800369731967,12.922555305318202,20.3896104301613,-3.0708199630268034,13.793,21.087,-3.459
284,matched,D,144,LYS,K,B,144,LYS,K,1.7645801695818717,-1.3959710318091005,-0.9093950069539005,0.5813852204508967,10.8500289681909,21.0696049930461,-6.221614779549103,12.246,21.979,-6.803
285,matched,D,145,TYR,Y,B,145,TYR,Y,2.2999862447389225,-2.297384076937899,0.05883673133710232,0.09220286365409791,13.400615923062102,23.082836731337103,-8.105797136345902,15.698,23.024,-8.198
286,matched,D,146,HIS,H,B,146,HIS,H,4.214264721924794,-1.977944472607298,2.5114573698098006,-2.7459688070642994,14.301055527392702,21.8424573698098,-11.5559688070643,16.279,19.331,-8.81
